company,title,locate,type,link
White Sand,Software Developer,🌏 Worldwide,Unknowun,https://remoteok.com//remote-jobs/remote-software-developer-white-sand-107109
Sticker Mule,Software Engineer Backend,🌏 Worldwide,Unknowun,https://remoteok.com//remote-jobs/remote-software-engineer-backend-sticker-mule-183322
LoanCrate,Senior Software Engineer,🌏 Worldwide,Unknowun,https://remoteok.com//remote-jobs/remote-senior-software-engineer-loancrate-212423
Lemon.io,Full stack Developer,"🇪🇺 Europe, 💃 Latin America, 🇺🇦 Ukraine, 🇬🇧 United Kingdom, 🇨🇦 Canada",Unknowun,https://remoteok.com//remote-jobs/remote-full-stack-developer-lemon-io-243056
Phantom,Senior Software Engineer Mobile,Worldwide,Unknowun,https://remoteok.com//remote-jobs/remote-senior-software-engineer-mobile-phantom-242780
DIA,Tech Guild,Remote job,Unknowun,https://remoteok.com//remote-jobs/remote-tech-guild-dia-242775
Bitfinex,Mobile Engineer React Native,Remote job,Unknowun,https://remoteok.com//remote-jobs/remote-mobile-engineer-react-native-bitfinex-241309
Status SNT,Web Developer,Remote (Worldwide),Unknowun,https://remoteok.com//remote-jobs/remote-web-developer-status-snt-241308
QuickTrials,Full Stack Software Engineer,🌏 Worldwide,Unknowun,https://remoteok.com//remote-jobs/remote-full-stack-software-engineer-quicktrials-240367
MultiversX,Front End Engineer,Europe,Unknowun,https://remoteok.com//remote-jobs/remote-front-end-engineer-multiversx-238927
Arcadia Finance,UI UX Designer Frontend,Worldwide,Unknowun,https://remoteok.com//remote-jobs/remote-ui-ux-designer-frontend-arcadia-finance-238746
MoonPay,Lead React Native Engineer,🇬🇧 United Kingdom,Unknowun,https://remoteok.com//remote-jobs/remote-lead-react-native-engineer-moonpay-238251
Proxify,Senior Full Stack Developer Long Term,"🌏 Worldwide, 💰 $50k - $70k",Unknowun,https://remoteok.com//remote-jobs/remote-senior-full-stack-developer-long-term-proxify-112140
Status SNT,Senior React Native UI Developer,Remote (Worldwide),Unknowun,https://remoteok.com//remote-jobs/remote-senior-react-native-ui-developer-status-snt-236772
Horizen Labs,Senior Frontend Engineer,🇮🇹 Italy,Unknowun,https://remoteok.com//remote-jobs/remote-senior-frontend-engineer-horizen-labs-236769
Ampcontrol Technologies,Frontend React Developer,"🇪🇺 Europe, 💃 Latin America, 🌎 North America",Unknowun,https://remoteok.com//remote-jobs/remote-frontend-react-developer-ampcontrol-technologies-236017
Frost,Full Stack Engineer,"🌏 Worldwide, 💰 $50k - $150k",Unknowun,https://remoteok.com//remote-jobs/remote-full-stack-engineer-frost-235804
Stimulus,Software engineer,🌏 Worldwide,Unknowun,https://remoteok.com//remote-jobs/remote-software-engineer-stimulus-132047
Zeal,React Native Engineer,Remote job,Unknowun,https://remoteok.com//remote-jobs/remote-react-native-engineer-zeal-235233
Thirdwave,Software Engineer,"San Francisco, CA",Unknowun,https://remoteok.com//remote-jobs/remote-software-engineer-thirdwave-234881
Proxify AB,Senior React Native Developer: Long-term job - 100% remote,Latin America Only/Europe Only/EMEA Only,Full-Time,https://weworkremotely.com//remote-jobs/proxify-ab-senior-react-native-developer-long-term-job-100-remote
OpenCraft,"Senior Open Source Developer & DevOps (Python, Django, React, AWS/OpenStack)",Anywhere in the World,Full-Time,https://weworkremotely.com//remote-jobs/opencraft-senior-open-source-developer-devops-python-django-react-aws-openstack
OnTheGoSystems,Senior Developer – PHP / React,Anywhere in the World,Full-Time,https://weworkremotely.com//remote-jobs/onthegosystems-senior-developer-php-react
OnTheGoSystems,Senior Front-End (React Expert),Anywhere in the World,Full-Time,https://weworkremotely.com//remote-jobs/onthegosystems-senior-front-end-react-expert
Corpay One,Frontend Developer (TypeScript / React),Europe Only,Full-Time,https://weworkremotely.com//remote-jobs/corpay-one-frontend-developer-typescript-react
Close,Senior or Staff Frontend Engineer - React (100% Remote),USA Only,Full-Time,https://weworkremotely.com//remote-jobs/close-senior-or-staff-frontend-engineer-react-100-remote-3
